tp-1a201-01;;;
tp-1a201-02;;;
tp-1a201-03;;;
tp-1a201-04;;;
tp-1a201-05;;;
tp-1a201-08;;;
tp-1a201-09;;;
tp-1a201-11;;;
tp-1a201-12;;;
tp-1a201-13;;;
tp-1a201-14;;;
tp-1a201-15;;;
tp-1a201-18;;;
tp-1a201-19;;;
tp-1a201-20;;;
tp-1a201-21;;;
tp-1a201-23;;;
tp-1a201-25;;;
tp-1a201-26;;;
tp-1a201-29;;;
tp-1a201-30;;;
tp-1a201-31;;;
tp-1a201-34;;;
tp-1a201-36;;;
tp-1a201-37;;;
tp-1a201-39;;;
tp-1a207-01;;;
tp-1a207-04;;;
tp-1a207-05;;;
tp-1a207-06;;;
tp-1a207-07;;;
tp-1a207-08;;;
tp-1a207-09;;;
tp-1a207-10;;;
tp-1a207-11;;;
tp-1a207-12;;;
tp-1a207-13;;;
tp-1a207-20;;;
tp-1a207-22;;;
tp-1a207-23;;;
tp-1a207-24;;;
tp-1a207-26;;;
tp-1a207-28;;;
tp-1a207-30;;;
tp-1a207-34;;;
tp-1a207-35;;;
tp-1a207-37;;;
tp-1a207-38;;;
tp-1a207-39;;;
tp-1a207-40;;;
tp-1a222-02;;;
tp-1a222-04;;;
tp-1a222-05;;;
tp-1a222-07;;;
tp-1a222-08;;;
tp-1a222-10;;;
tp-1a222-14;;;
tp-1a226-01;;;
tp-1a226-02;;;
tp-1a226-03;;;
tp-1a226-04;;;
tp-1a226-05;;;
tp-1a226-06;;;
tp-1a226-07;;;
tp-1a226-08;;;
tp-1a226-09;;;
tp-1a226-10;;;
tp-1a226-11;;;
tp-1a226-12;;;
tp-1a226-13;;;
tp-1a226-14;;;
tp-1a226-15;;;
tp-1a226-16;;;
tp-1a226-17;;;
tp-1a226-18;;;
tp-1a226-19;;;
tp-1a226-20;;;
tp-1a226-21;;;
tp-1a226-22;;;
tp-1a226-23;;;
tp-1a226-24;;;
tp-1a226-25;;;
tp-1a226-26;;;
tp-1a226-27;;;
tp-1a226-28;;;
tp-1a226-29;;;
tp-1a226-30;;;
tp-1a226-31;;;
tp-1a226-32;;;
tp-1a226-33;;;
tp-1a252-01;;;
tp-1a252-02;;;
tp-1a252-03;;;
tp-1a252-04;;;
tp-1a252-05;;;
tp-1a252-07;;;
tp-1a252-08;;;
tp-1a252-10;;;
tp-1a252-17;;;
tp-1a252-19;;;
tp-1a252-20;;;
tp-1a252-22;;;
tp-1a252-23;;;
tp-1a252-24;;;
tp-1a252-25;;;
tp-1a252-26;;;
tp-1a252-28;;;
tp-1a252-29;;;
tp-1a252-32;;;
tp-1a252-33;;;
tp-1a252-36;;;
tp-1a260-01;;;
tp-1a260-02;;;
tp-1a260-03;;;
tp-1a260-04;;;
tp-1a260-05;;;
tp-1a260-08;;;
tp-1a260-09;;;
tp-1a260-10;;;
tp-1a260-11;;;
tp-1a260-12;;;
tp-1a260-13;;;
tp-1a260-14;;;
tp-1a260-19;;;
tp-1a260-22;;;
tp-1a260-23;;;
tp-1a260-24;;;
tp-1a260-27;;;
tp-1a260-28;;;
tp-1a260-29;;;
tp-1a260-31;;;
tp-1d22-01;;;
tp-1d22-02;;;
tp-1d22-04;;;
tp-1d22-05;;;
tp-1d22-08;;;
tp-1d22-12;;;
tp-1d22-13;;;
tp-1d23-01;;;
tp-1d23-03;;;
tp-1d23-06;;;
tp-1d23-07;;;
tp-1d23-09;;;
tp-1d23-10;;;
tp-1d23-11;;;
tp-1d23-12;;;
tp-1d23-13;;;
tp-1d23-15;;;
tp-1d23-16;;;
tp-1d23-20;;;
tp-1d23-21;;;
tp-1d23-24;;;
tp-1d23-26;;;
tp-1d23-27;;;
tp-1d23-28;;;
tp-1d23-29;;;
tp-1d23-30;;;
tp-1d23-31;;;
tp-3a101-01;;;
tp-3a101-02;;;
tp-3a101-03;;;
tp-3a101-04;;;
tp-3a101-05;;;
tp-3a101-06;;;
tp-3a101-07;;;
tp-3a101-10;;;
tp-3a101-11;;;
tp-3a101-12;;;
tp-3a101-14;;;
tp-3a101-15;;;
tp-3a101-16;;;
tp-3a107-01;;;
tp-3a107-04;;;
tp-3a107-06;;;
tp-3a107-07;;;
tp-3a107-10;;;
tp-3a107-11;;;
tp-3a107-13;;;
tp-3a107-14;;;
tp-3a107-15;;;
tp-3a107-16;;;
tp-3a209-01;;;
tp-3a209-02;;;
tp-3a209-03;;;
tp-3a209-04;;;
tp-3a209-06;;;
tp-3a209-08;;;
tp-3a209-09;;;
tp-3a209-10;;;
tp-3a209-11;;;
tp-3a209-13;;;
tp-3a209-14;;;
tp-3a209-15;;;
tp-3a209-16;;;
tp-3a209-19;;;
tp-3a209-20;;;
tp-3a209-21;;;
tp-3b01-01;;;
tp-3b01-02;;;
tp-3b01-03;;;
tp-3b01-05;;;
tp-3b01-06;;;
tp-3b01-07;;;
tp-3b01-08;;;
tp-3b01-12;;;
tp-3b01-14;;;
tp-3b01-15;;;
tp-3b01-16;;;
tp-3b07-01;;;
tp-3b07-03;;;
tp-3b07-04;;;
tp-3b07-05;;;
tp-3b07-06;;;
tp-3b07-07;;;
tp-3b07-08;;;
tp-3b07-11;;;
tp-3b07-14;;;
tp-3b07-16;;;
tp-4b01-01;;;
tp-4b01-03;;;
tp-4b01-04;;;
tp-4b01-06;;;
tp-4b01-07;;;
tp-4b01-09;;;
tp-4b01-10;;;
tp-4b01-11;;;
tp-4b01-12;;;
tp-4b01-13;;;
tp-4b01-14;;;
tp-4b01-16;;;
tp-4b01-19;;;
tp-4b01-21;;;
tp-4b01-22;;;
tp-4b01-24;;;
tp-4b01-26;;;
tp-4b01-27;;;
tp-4b01-28;;;
tp-4b01-29;;;
tp-4b01-30;;;
tp-4b01-31;;;
tp-4b01-32;;;
tp-4b01-33;;;
tp-4b01-34;;;
tp-4b01-35;;;
tp-4b01-36;;;
tp-4b01-37;;;
tp-4b01-38;;;
tp-4b01-40;;;
tp-5b01-02;;;
tp-5b01-03;;;
tp-5b01-04;;;
tp-5b01-05;;;
tp-5b01-06;;;
tp-5b01-08;;;
tp-5b01-10;;;
tp-5b01-11;;;
tp-5b01-12;;;
tp-5b01-13;;;
tp-5b01-15;;;
tp-5b01-19;;;
tp-5b01-20;;;
tp-5b01-21;;;
tp-5b01-23;;;
tp-5b01-25;;;
tp-5b01-26;;;
tp-5b01-27;;;
tp-5b01-28;;;
tp-5b01-29;;;
tp-5b01-30;;;
tp-5b01-31;;;
tp-5b01-34;;;
tp-5b07-01;;;
tp-5b07-02;;;
tp-5b07-03;;;
tp-5b07-05;;;
tp-5b07-07;;;
tp-5b07-08;;;
tp-5b07-10;;;
tp-5b07-13;;;
tp-5b07-15;;;
tp-5b07-17;;;
tp-5b07-18;;;
tp-5b07-19;;;
tp-5b07-20;;;
tp-5b07-22;;;
tp-5b07-23;;;
tp-5b07-25;;;
tp-5b07-26;;;
tp-5b07-27;;;
tp-5b07-30;;;
tp-5b07-31;;;
tp-5b07-32;;;
tp-5b07-35;;;
tp-5b07-37;;;
tp-5b07-38;;;
tp-5b07-39;;;
tp-5b07-40;;;
tp-5d02-01;;;
tp-5d02-02;;;
tp-5d02-04;;;
tp-5d02-06;;;
tp-5d02-08;;;
tp-5d02-09;;;
tp-5d02-11;;;
tp-5d02-12;;;
tp-5d02-13;;;
tp-5d02-14;;;
tp-5d02-16;;;
tp-5d02-17;;;
tp-5d02-18;;;
tp-5d02-19;;;
tp-5d02-20;;;
tp-t309-00;;;
tp-t309-02;;;
tp-t309-03;;;
tp-t309-05;;;
tp-t309-07;;;
tp-t309-08;;;
tp-t309-10;;;
tp-t309-11;;;
tp-t309-12;;;
tp-t310-00;;;
tp-t310-02;;;
tp-t310-03;;;
tp-t310-05;;;
tp-t310-07;;;
tp-t310-08;;;
tp-t310-10;;;
tp-t310-11;;;
tp-t310-12;;;
tp-t310-13;;;
tp-t310-14;;;
tp-t310-18;;;
;;;
;;;
